round	label	started	finished	loadavg1	loadavg5	loadavg15	exit_status
1	final	2026-09-30T20:04:30+00:00	2026-09-30T20:04:51+00:00	4.00	4.54	4.41	0
1	final-copy	2026-09-30T20:04:51+00:00	2026-09-30T20:05:11+00:00	5.28	4.80	4.50	0
2	final-copy	2026-09-30T20:05:11+00:00	2026-09-30T20:05:32+00:00	4.19	4.58	4.43	0
2	final	2026-09-30T20:05:32+00:00	2026-09-30T20:05:52+00:00	7.37	5.36	4.72	0
3	final	2026-09-30T20:05:52+00:00	2026-09-30T20:06:13+00:00	6.41	5.27	4.70	0
3	final-copy	2026-09-30T20:06:13+00:00	2026-09-30T20:06:33+00:00	9.67	6.06	4.99	0
4	final-copy	2026-09-30T20:06:33+00:00	2026-09-30T20:06:54+00:00	12.22	6.95	5.34	0
4	final	2026-09-30T20:06:54+00:00	2026-09-30T20:07:14+00:00	10.29	6.86	5.35	0
5	final	2026-09-30T20:07:14+00:00	2026-09-30T20:07:35+00:00	9.41	6.85	5.38	0
5	final-copy	2026-09-30T20:07:35+00:00	2026-09-30T20:07:56+00:00	7.78	6.65	5.34	0
6	final-copy	2026-09-30T20:07:56+00:00	2026-09-30T20:08:16+00:00	7.35	6.64	5.37	0
6	final	2026-09-30T20:08:16+00:00	2026-09-30T20:08:37+00:00	6.51	6.50	5.34	0
7	final	2026-09-30T20:08:37+00:00	2026-09-30T20:08:57+00:00	6.54	6.50	5.37	0
7	final-copy	2026-09-30T20:08:57+00:00	2026-09-30T20:09:18+00:00	7.04	6.60	5.43	0
8	final-copy	2026-09-30T20:09:18+00:00	2026-09-30T20:09:38+00:00	6.47	6.49	5.42	0
8	final	2026-09-30T20:09:38+00:00	2026-09-30T20:09:58+00:00	6.37	6.45	5.43	0
