1	baseline	regr-base
1	prototype	regr-proto
1	funnel	var-funnel
1	layout	var-layout
2	prototype	regr-proto
2	layout	var-layout
2	baseline	regr-base
2	funnel	var-funnel
3	funnel	var-funnel
3	baseline	regr-base
3	layout	var-layout
3	prototype	regr-proto
4	layout	var-layout
4	funnel	var-funnel
4	prototype	regr-proto
4	baseline	regr-base
5	baseline	regr-base
5	prototype	regr-proto
5	funnel	var-funnel
5	layout	var-layout
6	prototype	regr-proto
6	layout	var-layout
6	baseline	regr-base
6	funnel	var-funnel
7	funnel	var-funnel
7	baseline	regr-base
7	layout	var-layout
7	prototype	regr-proto
8	layout	var-layout
8	funnel	var-funnel
8	prototype	regr-proto
8	baseline	regr-base
9	baseline	regr-base
9	prototype	regr-proto
9	funnel	var-funnel
9	layout	var-layout
10	prototype	regr-proto
10	layout	var-layout
10	baseline	regr-base
10	funnel	var-funnel
11	funnel	var-funnel
11	baseline	regr-base
11	layout	var-layout
11	prototype	regr-proto
12	layout	var-layout
12	funnel	var-funnel
12	prototype	regr-proto
12	baseline	regr-base
13	baseline	regr-base
13	prototype	regr-proto
13	funnel	var-funnel
13	layout	var-layout
14	prototype	regr-proto
14	layout	var-layout
14	baseline	regr-base
14	funnel	var-funnel
15	funnel	var-funnel
15	baseline	regr-base
15	layout	var-layout
15	prototype	regr-proto
16	layout	var-layout
16	funnel	var-funnel
16	prototype	regr-proto
16	baseline	regr-base
17	baseline	regr-base
17	prototype	regr-proto
17	funnel	var-funnel
17	layout	var-layout
18	prototype	regr-proto
18	layout	var-layout
18	baseline	regr-base
18	funnel	var-funnel
19	funnel	var-funnel
19	baseline	regr-base
19	layout	var-layout
19	prototype	regr-proto
20	layout	var-layout
20	funnel	var-funnel
20	prototype	regr-proto
20	baseline	regr-base
