round	build	started	finished	loadavg_before
1	baseline	2026-09-25T10:54:17Z	2026-09-25T10:55:00Z	21.14 11.73 8.12
1	prototype	2026-09-25T10:55:00Z	2026-09-25T10:55:45Z	13.34 10.85 7.96
2	baseline	2026-09-25T10:55:45Z	2026-09-25T10:56:27Z	8.21 9.81 7.72
2	prototype	2026-09-25T10:56:27Z	2026-09-25T10:57:10Z	6.46 9.07 7.55
3	baseline	2026-09-25T10:57:10Z	2026-09-25T10:57:52Z	5.52 8.48 7.40
3	prototype	2026-09-25T10:57:52Z	2026-09-25T10:58:36Z	6.10 8.20 7.35
4	prototype	2026-09-25T10:58:36Z	2026-09-25T10:59:19Z	7.92 8.41 7.47
4	baseline	2026-09-25T10:59:19Z	2026-09-25T11:00:02Z	6.13 7.89 7.32
5	prototype	2026-09-25T11:00:02Z	2026-09-25T11:00:45Z	5.07 7.36 7.15
5	baseline	2026-09-25T11:00:45Z	2026-09-25T11:01:30Z	4.82 6.97 7.02
6	prototype	2026-09-25T11:01:30Z	2026-09-25T11:02:15Z	5.49 6.81 6.96
6	baseline	2026-09-25T11:02:16Z	2026-09-25T11:03:00Z	5.71 6.66 6.89
