1	baseline	{ 3.32 3.15 4.03 }
1	prototype	{ 4.57 3.41 4.12 }
1	fix	{ 4.57 3.41 4.12 }
1	base-field	{ 5.09 3.54 4.16 }
2	prototype	{ 5.09 3.54 4.16 }
2	base-field	{ 6.20 3.80 4.24 }
2	baseline	{ 6.20 3.80 4.24 }
2	fix	{ 6.51 3.90 4.28 }
3	fix	{ 6.51 3.90 4.28 }
3	baseline	{ 7.19 4.08 4.34 }
3	base-field	{ 7.19 4.08 4.34 }
3	prototype	{ 7.57 4.21 4.38 }
4	base-field	{ 7.57 4.21 4.38 }
4	fix	{ 7.69 4.29 4.41 }
4	prototype	{ 7.69 4.29 4.41 }
4	baseline	{ 7.71 4.35 4.43 }
5	baseline	{ 7.71 4.35 4.43 }
5	prototype	{ 7.73 4.41 4.45 }
5	fix	{ 8.39 4.61 4.52 }
5	base-field	{ 8.39 4.61 4.52 }
6	prototype	{ 8.84 4.76 4.58 }
6	base-field	{ 8.84 4.76 4.58 }
6	baseline	{ 9.10 4.88 4.62 }
6	fix	{ 9.10 4.88 4.62 }
7	fix	{ 9.57 5.05 4.68 }
7	baseline	{ 9.57 5.05 4.68 }
7	base-field	{ 9.92 5.20 4.73 }
7	prototype	{ 9.92 5.20 4.73 }
8	base-field	{ 9.77 5.24 4.75 }
8	fix	{ 9.77 5.24 4.75 }
8	prototype	{ 9.39 5.24 4.75 }
8	baseline	{ 9.39 5.24 4.75 }
9	baseline	{ 9.44 5.32 4.78 }
9	prototype	{ 9.44 5.32 4.78 }
9	fix	{ 9.32 5.36 4.80 }
9	base-field	{ 9.32 5.36 4.80 }
10	prototype	{ 8.73 5.31 4.79 }
10	base-field	{ 8.73 5.31 4.79 }
10	baseline	{ 8.59 5.33 4.80 }
10	fix	{ 8.59 5.33 4.80 }
11	fix	{ 9.03 5.48 4.85 }
11	baseline	{ 9.03 5.48 4.85 }
11	base-field	{ 9.42 5.62 4.91 }
11	prototype	{ 9.42 5.62 4.91 }
12	base-field	{ 9.47 5.69 4.94 }
12	fix	{ 9.47 5.69 4.94 }
12	prototype	{ 9.35 5.73 4.95 }
12	baseline	{ 9.35 5.73 4.95 }
13	baseline	{ 9.88 5.90 5.02 }
13	prototype	{ 9.88 5.90 5.02 }
13	fix	{ 10.05 6.00 5.06 }
13	base-field	{ 10.05 6.00 5.06 }
14	prototype	{ 10.29 6.12 5.10 }
14	base-field	{ 10.35 6.20 5.14 }
14	baseline	{ 10.35 6.20 5.14 }
14	fix	{ 10.56 6.31 5.18 }
15	fix	{ 10.56 6.31 5.18 }
15	baseline	{ 10.43 6.36 5.21 }
15	base-field	{ 10.43 6.36 5.21 }
15	prototype	{ 10.80 6.50 5.26 }
16	base-field	{ 10.80 6.50 5.26 }
16	fix	{ 10.41 6.49 5.27 }
16	prototype	{ 10.41 6.49 5.27 }
16	baseline	{ 10.78 6.63 5.32 }
17	baseline	{ 10.78 6.63 5.32 }
17	prototype	{ 10.96 6.74 5.37 }
17	fix	{ 10.96 6.74 5.37 }
17	base-field	{ 10.96 6.81 5.40 }
18	prototype	{ 10.96 6.81 5.40 }
18	base-field	{ 11.36 6.96 5.46 }
18	baseline	{ 11.36 6.96 5.46 }
18	fix	{ 10.85 6.93 5.46 }
19	fix	{ 10.85 6.93 5.46 }
19	baseline	{ 11.19 7.06 5.52 }
19	base-field	{ 11.19 7.06 5.52 }
19	prototype	{ 10.93 7.08 5.53 }
20	base-field	{ 10.93 7.08 5.53 }
20	fix	{ 10.62 7.07 5.54 }
20	prototype	{ 10.62 7.07 5.54 }
20	baseline	{ 10.49 7.11 5.56 }
