round	label	binary
1	before	/tmp/cell-flags-results/final/reads/bins/before-79ab713d41b9
1	after	/tmp/cell-flags-results/final/reads/bins/after-88a8ca0d1b10
1	after-copy	/tmp/cell-flags-results/final/reads/bins/after-88a8ca0d1b10
2	after	/tmp/cell-flags-results/final/reads/bins/after-88a8ca0d1b10
2	after-copy	/tmp/cell-flags-results/final/reads/bins/after-88a8ca0d1b10
2	before	/tmp/cell-flags-results/final/reads/bins/before-79ab713d41b9
3	after-copy	/tmp/cell-flags-results/final/reads/bins/after-88a8ca0d1b10
3	before	/tmp/cell-flags-results/final/reads/bins/before-79ab713d41b9
3	after	/tmp/cell-flags-results/final/reads/bins/after-88a8ca0d1b10
4	before	/tmp/cell-flags-results/final/reads/bins/before-79ab713d41b9
4	after	/tmp/cell-flags-results/final/reads/bins/after-88a8ca0d1b10
4	after-copy	/tmp/cell-flags-results/final/reads/bins/after-88a8ca0d1b10
5	after	/tmp/cell-flags-results/final/reads/bins/after-88a8ca0d1b10
5	after-copy	/tmp/cell-flags-results/final/reads/bins/after-88a8ca0d1b10
5	before	/tmp/cell-flags-results/final/reads/bins/before-79ab713d41b9
6	after-copy	/tmp/cell-flags-results/final/reads/bins/after-88a8ca0d1b10
6	before	/tmp/cell-flags-results/final/reads/bins/before-79ab713d41b9
6	after	/tmp/cell-flags-results/final/reads/bins/after-88a8ca0d1b10
