1	baseline	{ 12.51 14.75 10.52 }
1	fix	{ 12.51 14.75 10.52 }
1	fragbase	{ 11.99 14.60 10.49 }
1	layout	{ 11.99 14.60 10.49 }
2	fix	{ 11.83 14.53 10.49 }
2	layout	{ 11.83 14.53 10.49 }
2	baseline	{ 11.92 14.50 10.50 }
2	fragbase	{ 11.92 14.50 10.50 }
3	fragbase	{ 11.45 14.36 10.48 }
3	baseline	{ 11.41 14.30 10.48 }
3	layout	{ 11.41 14.30 10.48 }
3	fix	{ 11.38 14.25 10.48 }
4	layout	{ 11.38 14.25 10.48 }
4	fragbase	{ 11.43 14.21 10.49 }
4	fix	{ 11.43 14.21 10.49 }
4	baseline	{ 11.31 14.14 10.49 }
5	baseline	{ 11.31 14.14 10.49 }
5	fix	{ 11.37 14.10 10.50 }
5	fragbase	{ 11.37 14.10 10.50 }
5	layout	{ 11.02 13.99 10.48 }
6	fix	{ 11.02 13.99 10.48 }
6	layout	{ 11.26 13.99 10.50 }
6	baseline	{ 11.26 13.99 10.50 }
6	fragbase	{ 11.24 13.94 10.50 }
7	fragbase	{ 11.24 13.94 10.50 }
7	baseline	{ 11.14 13.87 10.50 }
7	layout	{ 11.14 13.87 10.50 }
7	fix	{ 11.29 13.86 10.51 }
8	layout	{ 11.29 13.86 10.51 }
8	fragbase	{ 11.50 13.86 10.53 }
8	fix	{ 11.50 13.86 10.53 }
8	baseline	{ 11.62 13.84 10.54 }
9	baseline	{ 11.62 13.84 10.54 }
9	fix	{ 11.57 13.80 10.55 }
9	fragbase	{ 11.57 13.80 10.55 }
9	layout	{ 11.53 13.75 10.55 }
10	fix	{ 11.53 13.75 10.55 }
10	layout	{ 11.80 13.77 10.58 }
10	baseline	{ 11.80 13.77 10.58 }
10	fragbase	{ 11.74 13.72 10.58 }
11	fragbase	{ 11.68 13.68 10.58 }
11	baseline	{ 11.68 13.68 10.58 }
11	layout	{ 12.11 13.73 10.62 }
11	fix	{ 12.11 13.73 10.62 }
12	layout	{ 12.10 13.70 10.63 }
12	fragbase	{ 12.10 13.70 10.63 }
12	fix	{ 11.69 13.59 10.60 }
12	baseline	{ 11.69 13.59 10.60 }
13	baseline	{ 11.55 13.53 10.60 }
13	fix	{ 11.55 13.53 10.60 }
13	fragbase	{ 11.27 13.44 10.58 }
13	layout	{ 11.27 13.44 10.58 }
14	fix	{ 11.17 13.38 10.58 }
14	layout	{ 11.17 13.38 10.58 }
14	baseline	{ 10.67 13.24 10.55 }
14	fragbase	{ 10.67 13.24 10.55 }
15	fragbase	{ 10.62 13.19 10.54 }
15	baseline	{ 10.62 13.19 10.54 }
15	layout	{ 10.81 13.19 10.56 }
15	fix	{ 10.81 13.19 10.56 }
16	layout	{ 10.26 13.03 10.52 }
16	fragbase	{ 10.26 13.03 10.52 }
16	fix	{ 9.68 12.87 10.48 }
16	baseline	{ 9.68 12.87 10.48 }
17	baseline	{ 9.87 12.85 10.48 }
17	fix	{ 9.87 12.85 10.48 }
17	fragbase	{ 9.88 12.80 10.48 }
17	layout	{ 10.37 12.86 10.51 }
18	fix	{ 10.37 12.86 10.51 }
18	layout	{ 10.26 12.79 10.50 }
18	baseline	{ 10.26 12.79 10.50 }
18	fragbase	{ 10.48 12.80 10.52 }
19	fragbase	{ 10.48 12.80 10.52 }
19	baseline	{ 10.28 12.72 10.50 }
19	layout	{ 10.28 12.72 10.50 }
19	fix	{ 10.10 12.64 10.49 }
20	layout	{ 10.10 12.64 10.49 }
20	fragbase	{ 9.85 12.54 10.47 }
20	fix	{ 9.85 12.54 10.47 }
20	baseline	{ 10.26 12.58 10.49 }
