1	baseline	{ 15.25 18.00 14.24 }
1	fix	{ 14.82 17.87 14.22 }
1	base-field	{ 14.82 17.87 14.22 }
1	fragbase-field	{ 14.36 17.72 14.19 }
2	fix	{ 14.36 17.72 14.19 }
2	fragbase-field	{ 14.49 17.70 14.20 }
2	baseline	{ 14.49 17.70 14.20 }
2	base-field	{ 13.49 17.43 14.13 }
3	base-field	{ 12.97 17.26 14.08 }
3	baseline	{ 12.97 17.26 14.08 }
3	fragbase-field	{ 12.97 17.19 14.08 }
3	fix	{ 12.97 17.19 14.08 }
4	fragbase-field	{ 12.81 17.09 14.06 }
4	base-field	{ 12.81 17.09 14.06 }
4	fix	{ 12.83 17.02 14.05 }
4	baseline	{ 12.83 17.02 14.05 }
5	baseline	{ 12.60 16.90 14.03 }
5	fix	{ 12.60 16.90 14.03 }
5	base-field	{ 11.99 16.71 13.98 }
5	fragbase-field	{ 11.99 16.71 13.98 }
6	fix	{ 12.07 16.64 13.97 }
6	fragbase-field	{ 12.07 16.64 13.97 }
6	baseline	{ 11.83 16.52 13.94 }
6	base-field	{ 11.83 16.52 13.94 }
7	base-field	{ 11.92 16.46 13.94 }
7	baseline	{ 11.92 16.46 13.94 }
7	fragbase-field	{ 11.45 16.28 13.89 }
7	fix	{ 11.45 16.28 13.89 }
8	fragbase-field	{ 11.41 16.20 13.87 }
8	base-field	{ 11.41 16.20 13.87 }
8	fix	{ 11.14 16.06 13.84 }
8	baseline	{ 11.14 16.06 13.84 }
9	baseline	{ 11.13 15.98 13.82 }
9	fix	{ 11.13 15.98 13.82 }
9	base-field	{ 10.63 15.79 13.77 }
9	fragbase-field	{ 10.63 15.79 13.77 }
10	fix	{ 10.82 15.75 13.76 }
10	fragbase-field	{ 10.82 15.75 13.76 }
10	baseline	{ 10.52 15.60 13.72 }
10	base-field	{ 10.52 15.60 13.72 }
11	base-field	{ 10.80 15.57 13.72 }
11	baseline	{ 10.80 15.57 13.72 }
11	fragbase-field	{ 11.13 15.56 13.73 }
11	fix	{ 11.13 15.56 13.73 }
12	fragbase-field	{ 11.36 15.54 13.73 }
12	base-field	{ 11.36 15.54 13.73 }
12	fix	{ 12.21 15.65 13.78 }
12	baseline	{ 12.21 15.65 13.78 }
13	baseline	{ 12.20 15.58 13.77 }
13	fix	{ 12.20 15.58 13.77 }
13	base-field	{ 12.26 15.54 13.77 }
13	fragbase-field	{ 12.26 15.54 13.77 }
14	fix	{ 11.92 15.42 13.73 }
14	fragbase-field	{ 11.92 15.42 13.73 }
14	baseline	{ 11.52 15.28 13.69 }
14	base-field	{ 11.72 15.25 13.69 }
15	base-field	{ 11.72 15.25 13.69 }
15	baseline	{ 11.74 15.20 13.68 }
15	fragbase-field	{ 11.74 15.20 13.68 }
15	fix	{ 11.44 15.08 13.65 }
16	fragbase-field	{ 11.44 15.08 13.65 }
16	base-field	{ 11.33 15.00 13.63 }
16	fix	{ 11.33 15.00 13.63 }
16	baseline	{ 11.30 14.93 13.61 }
17	baseline	{ 11.30 14.93 13.61 }
17	fix	{ 11.92 15.00 13.64 }
17	base-field	{ 11.92 15.00 13.64 }
17	fragbase-field	{ 11.36 14.83 13.59 }
18	fix	{ 11.36 14.83 13.59 }
18	fragbase-field	{ 11.50 14.80 13.59 }
18	baseline	{ 11.50 14.80 13.59 }
18	base-field	{ 11.86 14.82 13.60 }
19	base-field	{ 11.86 14.82 13.60 }
19	baseline	{ 11.87 14.77 13.59 }
19	fragbase-field	{ 11.87 14.77 13.59 }
19	fix	{ 11.72 14.69 13.57 }
20	fragbase-field	{ 11.72 14.69 13.57 }
20	base-field	{ 11.50 14.60 13.54 }
20	fix	{ 11.50 14.60 13.54 }
20	baseline	{ 10.82 14.41 13.48 }
