1	baseline@basedata	{ 3.04 2.11 4.33 }
1	fix@basedata	{ 3.60 2.24 4.37 }
1	baseline@fixdata	{ 3.60 2.24 4.37 }
1	fix@fixdata	{ 4.43 2.44 4.42 }
2	fix@basedata	{ 4.43 2.44 4.42 }
2	fix@fixdata	{ 5.20 2.63 4.48 }
2	baseline@basedata	{ 5.20 2.63 4.48 }
2	baseline@fixdata	{ 5.42 2.72 4.50 }
3	baseline@fixdata	{ 5.42 2.72 4.50 }
3	baseline@basedata	{ 5.55 2.79 4.51 }
3	fix@fixdata	{ 5.55 2.79 4.51 }
3	fix@basedata	{ 5.51 2.83 4.52 }
4	fix@fixdata	{ 5.51 2.83 4.52 }
4	baseline@fixdata	{ 5.95 2.96 4.55 }
4	fix@basedata	{ 5.95 2.96 4.55 }
4	baseline@basedata	{ 6.59 3.15 4.61 }
5	baseline@basedata	{ 6.59 3.15 4.61 }
5	fix@basedata	{ 7.02 3.29 4.65 }
5	baseline@fixdata	{ 7.02 3.29 4.65 }
5	fix@fixdata	{ 7.18 3.39 4.68 }
6	fix@basedata	{ 7.18 3.39 4.68 }
6	fix@fixdata	{ 7.17 3.45 4.69 }
6	baseline@basedata	{ 7.17 3.45 4.69 }
6	baseline@fixdata	{ 7.55 3.59 4.73 }
7	baseline@fixdata	{ 7.55 3.59 4.73 }
7	baseline@basedata	{ 8.07 3.76 4.79 }
7	fix@fixdata	{ 8.07 3.76 4.79 }
7	fix@basedata	{ 8.38 3.90 4.83 }
8	fix@fixdata	{ 8.38 3.90 4.83 }
8	baseline@fixdata	{ 8.75 4.05 4.88 }
8	fix@basedata	{ 8.75 4.05 4.88 }
8	baseline@basedata	{ 8.69 4.11 4.90 }
9	baseline@basedata	{ 8.69 4.11 4.90 }
9	fix@basedata	{ 9.20 4.29 4.95 }
9	baseline@fixdata	{ 9.20 4.29 4.95 }
9	fix@fixdata	{ 9.50 4.44 5.00 }
10	fix@basedata	{ 9.50 4.44 5.00 }
10	fix@fixdata	{ 9.62 4.55 5.04 }
10	baseline@basedata	{ 9.62 4.55 5.04 }
10	baseline@fixdata	{ 9.65 4.64 5.06 }
11	baseline@fixdata	{ 9.65 4.64 5.06 }
11	baseline@basedata	{ 9.52 4.69 5.08 }
11	fix@fixdata	{ 9.52 4.69 5.08 }
11	fix@basedata	{ 9.64 4.80 5.12 }
12	fix@fixdata	{ 9.64 4.80 5.12 }
12	baseline@fixdata	{ 9.43 4.83 5.13 }
12	fix@basedata	{ 9.43 4.83 5.13 }
12	baseline@basedata	{ 9.79 4.99 5.18 }
13	baseline@basedata	{ 9.79 4.99 5.18 }
13	fix@basedata	{ 9.41 4.99 5.18 }
13	baseline@fixdata	{ 9.41 4.99 5.18 }
13	fix@fixdata	{ 8.90 4.95 5.16 }
14	fix@basedata	{ 8.90 4.95 5.16 }
14	fix@fixdata	{ 9.22 5.09 5.21 }
14	baseline@basedata	{ 9.22 5.09 5.21 }
14	baseline@fixdata	{ 9.45 5.20 5.25 }
15	baseline@fixdata	{ 9.45 5.20 5.25 }
15	baseline@basedata	{ 9.89 5.36 5.31 }
15	fix@fixdata	{ 9.89 5.36 5.31 }
15	fix@basedata	{ 10.30 5.52 5.36 }
16	fix@fixdata	{ 10.30 5.52 5.36 }
16	baseline@fixdata	{ 10.52 5.65 5.41 }
16	fix@basedata	{ 10.52 5.65 5.41 }
16	baseline@basedata	{ 10.39 5.70 5.43 }
17	baseline@basedata	{ 10.39 5.70 5.43 }
17	fix@basedata	{ 10.44 5.79 5.46 }
17	baseline@fixdata	{ 10.44 5.79 5.46 }
17	fix@fixdata	{ 10.65 5.91 5.51 }
18	fix@basedata	{ 10.65 5.91 5.51 }
18	fix@fixdata	{ 10.19 5.90 5.50 }
18	baseline@basedata	{ 10.19 5.90 5.50 }
18	baseline@fixdata	{ 10.34 6.00 5.54 }
19	baseline@fixdata	{ 9.99 6.00 5.54 }
19	baseline@basedata	{ 9.99 6.00 5.54 }
19	fix@fixdata	{ 10.07 6.08 5.57 }
19	fix@basedata	{ 10.07 6.08 5.57 }
20	fix@fixdata	{ 9.83 6.09 5.58 }
20	baseline@fixdata	{ 9.83 6.09 5.58 }
20	fix@basedata	{ 9.84 6.16 5.61 }
20	baseline@basedata	{ 9.84 6.16 5.61 }
